iter	MAPE	RMSE	MAE
0	0.05870572072	0.9944378152	0.7871998859
1	0.05602887612	0.9522255856	0.7513579188
2	0.05362041018	0.9143605311	0.719088651
3	0.05141510008	0.879588565	0.6894921222
4	0.04946901904	0.8488139785	0.6633668993
5	0.04773034946	0.8213903492	0.6401399264
6	0.0461847124	0.7963502198	0.6194271707
7	0.04479528612	0.7741723477	0.6007968409
8	0.04359172511	0.7551159126	0.5846995877
9	0.04249939842	0.7377798891	0.5701084306
10	0.04155146298	0.7231663831	0.5574384729
11	0.04071901726	0.7100043855	0.5463198156
12	0.03998136691	0.6984313148	0.536487799
13	0.03934669938	0.6885060602	0.527965811
14	0.03875740646	0.6794554043	0.5200524317
15	0.038240015	0.6716507763	0.5131525641
16	0.0377723617	0.6646551587	0.5069118185
17	0.03738027727	0.6588163046	0.5016902269
18	0.03703987417	0.6537418525	0.4971272914
19	0.03673058291	0.6490302572	0.4929589704
20	0.03647205986	0.6451448862	0.4895247858
21	0.03622608245	0.641533864	0.4862271845
22	0.03601374015	0.6384251323	0.4833645376
23	0.03582669571	0.6356044702	0.4808446737
24	0.03566049821	0.6331240463	0.478603938
25	0.03550791086	0.6308955706	0.4765338499
26	0.03538036307	0.6289351892	0.4748040456
27	0.03526409671	0.6272240896	0.4732301159
28	0.03516296825	0.6258002497	0.471833636
29	0.0350701407	0.6244360549	0.4705622323
30	0.03499309288	0.6233305957	0.4695206006
31	0.03492138602	0.6222379088	0.468535955
32	0.03486683137	0.6212793855	0.4677690164
33	0.03481001271	0.6204215578	0.4670063088
34	0.03475450926	0.6196631428	0.4662361223
35	0.03471633412	0.6190816622	0.4657151073
36	0.03467263561	0.6184296063	0.4650900291
37	0.03464092098	0.6178485859	0.4646280685
38	0.03461107595	0.6173410893	0.4642020351
39	0.03458569335	0.6169735198	0.4638496759
40	0.03455647776	0.6164351578	0.4634482009
41	0.03453372781	0.6160354974	0.4631237001
42	0.03450746429	0.6156332451	0.462757133
43	0.0344860675	0.6152200286	0.4624611009
44	0.03446545859	0.6148132976	0.4621735647
45	0.03444616747	0.614347836	0.4618982521
46	0.03442171024	0.6138961821	0.4615547
47	0.03439848938	0.6134750368	0.4612394767
48	0.03438167457	0.6131282618	0.4610028286
49	0.03436740436	0.6128194592	0.4608187553
50	0.03434967964	0.612489534	0.4605728052
51	0.03433583922	0.6122424304	0.4603806162
52	0.03431696778	0.611931899	0.4601136428
53	0.03430292561	0.6116238183	0.4599247679
54	0.03428731517	0.6113390177	0.459724096
55	0.03427510161	0.6111245954	0.4595582076
56	0.03426527724	0.6109084693	0.4594183328
57	0.03424888087	0.6105916498	0.4592120637
58	0.03423396372	0.6103264215	0.4590230957
59	0.03421596968	0.6099974775	0.4587778425
60	0.03419638144	0.6096536583	0.4585103588
61	0.03418519663	0.6094858559	0.4583661386
62	0.03417264522	0.6092388933	0.4581967357
63	0.03416223091	0.6090136869	0.4580465827
64	0.03415302463	0.6088455007	0.4579210024
65	0.034142269	0.6086514532	0.4577774318
66	0.03413383112	0.6084742041	0.4576568107
67	0.03412786273	0.6083571135	0.4575722091
68	0.03411462652	0.6081033116	0.4573975404
69	0.03410186839	0.6078587218	0.4572129096
70	0.0340952352	0.6077633598	0.4571257154
71	0.03408438027	0.6075455273	0.4569648775
72	0.03407621486	0.6073187677	0.456852489
73	0.03406646385	0.6071524889	0.4567306742
74	0.03405300937	0.6069496914	0.4565640962
75	0.03404146435	0.6067733538	0.4564199111
76	0.03403149781	0.60663024	0.4562990801
77	0.03401752674	0.6063102318	0.4561019705
78	0.03401046883	0.6062062654	0.4560178969
79	0.03399997921	0.6060534288	0.4558762528
80	0.03398613425	0.6057744631	0.4556791279
81	0.0339739859	0.6055490612	0.4555151042
82	0.03396455575	0.6053282583	0.4553820665
83	0.03395919098	0.6051855207	0.455303766
84	0.03395167437	0.6050223075	0.4551917048
85	0.03394024009	0.6047838003	0.4550370798
86	0.03393118437	0.6046409131	0.4549116712
87	0.03391391784	0.6043051464	0.4546733868
88	0.03390319282	0.6041120407	0.4545358165
89	0.03389391814	0.6038976612	0.4544007228
90	0.03388438264	0.6037323656	0.4542813842
91	0.0338760081	0.603594359	0.4541658734
92	0.03386363122	0.6033948257	0.4540006912
93	0.03385642303	0.6032187276	0.4539022482
94	0.0338449212	0.6030032425	0.4537499292
95	0.03383643882	0.6028344653	0.45363618
96	0.03382127884	0.602526074	0.453428471
97	0.0338089453	0.6023334348	0.4532752956
98	0.03379795155	0.602094062	0.4531238168
99	0.0337906358	0.6019672721	0.4530206883
100	0.0337846397	0.6018220057	0.4529316676
101	0.03377192782	0.6015406733	0.4527550897
102	0.03376311402	0.6013120364	0.452625627
103	0.03375287304	0.6011536029	0.4524779292
104	0.03374349137	0.6009853671	0.4523551526
105	0.03373065808	0.6007441301	0.4521742572
106	0.03371789692	0.6005533545	0.4520000866
107	0.03370419874	0.6002503541	0.4518139186
108	0.03369374607	0.6000621831	0.4516774095
109	0.03368479951	0.5998709144	0.4515510253
110	0.0336798769	0.5997694589	0.4514775677
111	0.03366834183	0.5995954745	0.4513347156
112	0.0336621108	0.5994757219	0.4512413239
113	0.03365099094	0.5992716078	0.4510961853
114	0.03363485959	0.5990036139	0.450877991
115	0.03362506729	0.5988189152	0.450741422
116	0.03361725453	0.5987055433	0.4506471842
117	0.03360692538	0.598532621	0.45049594
118	0.03359489834	0.5982724399	0.4503285997
119	0.03359047955	0.5981674377	0.4502634024
120	0.0335835909	0.5980114715	0.4501722718
121	0.03357516899	0.5978365773	0.4500630692
122	0.03356560649	0.5976703351	0.4499332036
123	0.03355430578	0.5974574067	0.4497826682
124	0.03353989842	0.5971145481	0.449590464
125	0.03353024254	0.5969078311	0.4494494454
126	0.03352092237	0.5967367132	0.4493324376
127	0.03351070468	0.5965333893	0.4491951406
128	0.03349518212	0.596262573	0.4489797785
129	0.03348795552	0.5961579125	0.4488919867
130	0.03347746811	0.5959563604	0.4487423716
131	0.03347123093	0.5958523703	0.4486486241
132	0.03346166404	0.5956782466	0.4485075289
133	0.03345243283	0.5954887957	0.4483749473
134	0.03344686974	0.595376906	0.4482941025
135	0.03344028608	0.5952316682	0.448199585
136	0.03342732894	0.5949225295	0.4480243942
137	0.03341981816	0.5948206555	0.4479346005
138	0.03341124231	0.5946071745	0.4478158653
139	0.03340004655	0.5944512903	0.4476813081
140	0.03338971613	0.5942415482	0.4475390132
141	0.03338038375	0.5940823299	0.4474147621
142	0.03336701168	0.5938717565	0.447241025
143	0.0333524175	0.5935829338	0.4470353597
144	0.03334307881	0.5934432216	0.4469213846
145	0.03333041513	0.5932478375	0.4467507127
146	0.03332547727	0.5931484837	0.4466772823
147	0.03331745532	0.5929965233	0.446578425
148	0.03330942692	0.5928414679	0.4464645385
149	0.03330135202	0.5927318282	0.4463663566
150	0.0332962238	0.5926361727	0.4462902761
151	0.03328854174	0.5925387638	0.4461977034
152	0.03327826335	0.5923769463	0.4460647713
153	0.03326779315	0.5921709011	0.4459217286
154	0.03326140429	0.5920677521	0.4458251517
155	0.03325347069	0.5919151096	0.4457131948
156	0.03324656265	0.591777082	0.4456292681
157	0.03324103303	0.5916699083	0.4455541443
158	0.03322609172	0.5914150814	0.4453531929
159	0.03321891515	0.5913205274	0.4452682148
160	0.03320594936	0.5910486088	0.4450870277
161	0.03319601235	0.5908667308	0.4449454119
162	0.03318475351	0.5905747195	0.4447938085
163	0.03317511465	0.5903938292	0.444669691
164	0.03316888108	0.590285479	0.444578782
165	0.03315679482	0.5901024797	0.4444161964
166	0.03315112475	0.5900295563	0.444347838
167	0.03313819657	0.5898444154	0.4441788447
168	0.03313366708	0.5897728679	0.4441109006
169	0.03312967442	0.5897095517	0.4440627963
170	0.03311900941	0.5894930915	0.4439101426
171	0.0331129111	0.5893476413	0.4438309456
172	0.03310415595	0.589172207	0.443717318
173	0.03309692128	0.5890806272	0.4436302226
174	0.03308482437	0.5888705126	0.4434553427
175	0.03307856994	0.5887824261	0.4433605976
176	0.03306938526	0.5886252028	0.4432369954
177	0.03305819398	0.5884307786	0.443084415
178	0.03304493637	0.5881621713	0.4429037661
179	0.03303642437	0.587961293	0.4427797119
180	0.03303204928	0.5878791589	0.4427135228
181	0.03302326364	0.5877340761	0.4426039814
182	0.03300739449	0.5874642474	0.4423812174
183	0.03299606155	0.5872103409	0.442228272
184	0.03298445515	0.5869607963	0.442063838
185	0.03297273653	0.5867665723	0.4419066844
186	0.03296351571	0.5865983827	0.4417724001
187	0.03294702545	0.5863031228	0.441541577
188	0.03293840018	0.5860956905	0.4414273846
189	0.0329299101	0.585932519	0.441311009
190	0.03291869325	0.5857070502	0.4411456397
191	0.03291231343	0.5855133878	0.4410585082
192	0.03290205741	0.5853058153	0.4409154931
193	0.03289206332	0.5851463073	0.4407916614
194	0.03288697723	0.5850512778	0.4407153665
195	0.03288345059	0.585007695	0.4406732889
196	0.03287957301	0.5849331908	0.4406149228
197	0.03286847593	0.5846900908	0.4404596153
198	0.03285792944	0.5844963032	0.440315546
199	0.03284692088	0.5842817253	0.4401611985
200	0.03284022156	0.5841222316	0.4400687285
201	0.03283290436	0.5839661765	0.4399690426
202	0.03282363691	0.5838172892	0.4398453174
203	0.03281587211	0.5836668024	0.4397328853
204	0.03281237567	0.5836034583	0.4396832875
205	0.03280455167	0.5834426821	0.4395797432
206	0.03279488568	0.5833258065	0.4394637749
207	0.03279087279	0.5832597762	0.4394038411
208	0.03278188824	0.5830725716	0.4392728063
209	0.03277561867	0.5829238935	0.4391924486
210	0.03276601997	0.582744585	0.4390672186
211	0.03275836207	0.5825810812	0.4389668285
212	0.03275122793	0.5824560115	0.438870918
213	0.03273871436	0.5822528356	0.438695453
214	0.03272746896	0.5820689884	0.4385453056
215	0.03272453295	0.5820019319	0.4385011852
216	0.03271549624	0.581835719	0.4383732055
217	0.03270669476	0.5816678934	0.4382528783
218	0.03269716221	0.5814984016	0.4381201153
219	0.03268975208	0.5813863323	0.4380239819
220	0.03268262013	0.58123325	0.4379198364
221	0.03267850258	0.5811613247	0.4378607545
222	0.03266826522	0.5809999451	0.4377227103
223	0.03266037551	0.5808523625	0.4376215944
224	0.03265118094	0.5807186285	0.4375090756
225	0.03264463886	0.5806208673	0.4374270733
226	0.0326342925	0.5804366811	0.4372784207
227	0.03262499694	0.5802853512	0.4371506283
228	0.03261736194	0.5801087144	0.4370471007
229	0.03260729208	0.5799213651	0.436898024
230	0.03259954527	0.5797957941	0.4367871316
231	0.03259596375	0.5797442113	0.4367330555
232	0.0325888628	0.5796307231	0.4366420717
233	0.03258542839	0.5795650394	0.4365900905
234	0.03257653966	0.5794356457	0.4364815982
235	0.0325728353	0.5793352561	0.4364298517
236	0.03256288173	0.5791538522	0.4362906508
237	0.03255939421	0.5790987275	0.4362379882
238	0.03255165166	0.5790045458	0.4361437426
239	0.03254492267	0.5788695904	0.4360579828
240	0.03253966405	0.5787534076	0.4359884625
241	0.03253644941	0.5787097987	0.4359404136
242	0.03252823893	0.578593838	0.4358371387
243	0.03251997185	0.5784432487	0.4357242312
244	0.03251769994	0.5784130703	0.4356899433
245	0.03250755031	0.5782034031	0.4355444831
246	0.03249720276	0.5780223222	0.4354067536
247	0.03248902702	0.5779185188	0.4353066248
248	0.03248350215	0.5777968676	0.4352342037
249	0.03247174619	0.5775851604	0.4350672678
250	0.03246068138	0.5773471362	0.4349159117
251	0.03245749374	0.5772958572	0.4348691948
252	0.03244713706	0.5771040043	0.4347270886
253	0.03243978207	0.5769463653	0.4346270873
254	0.03243128115	0.5768094018	0.4345025751
255	0.03242318322	0.5767017489	0.4344039051
256	0.03241113972	0.5764455163	0.434229014
257	0.03240527144	0.5763182769	0.4341478269
258	0.03239426994	0.5760993892	0.4339981952
259	0.03238469858	0.5758890007	0.4338698808
260	0.03237915612	0.5758089676	0.4338033646
261	0.03236727219	0.5756195463	0.4336416434
262	0.03236230882	0.5755049595	0.4335690658
263	0.03235450598	0.5753459421	0.4334557386
264	0.03234932214	0.5752358018	0.4333804813
265	0.03234173734	0.5750570961	0.433276029
266	0.03233852099	0.57502267	0.4332266437
267	0.03233567746	0.5749728422	0.4331924162
268	0.03233013423	0.5748430585	0.4331197785
269	0.03231991773	0.574679465	0.4329791239
270	0.03231185559	0.5745138029	0.4328638233
271	0.03230555267	0.5744001553	0.4327745661
272	0.03229766045	0.5742713152	0.4326756248
273	0.03229102635	0.5741560797	0.4325948015
274	0.03227942381	0.5739516108	0.4324331829
275	0.03227285158	0.573837634	0.4323409977
276	0.03226400713	0.5737008632	0.4322190715
277	0.03225912824	0.5736004315	0.4321454051
278	0.0322521661	0.5734873185	0.432051857
279	0.03224552196	0.5733628642	0.4319682112
280	0.03223737149	0.573210634	0.431853901
281	0.03222782734	0.5730522477	0.4317294659
282	0.0322205117	0.5729260207	0.4316310575
283	0.03221295013	0.5727892964	0.4315240041
284	0.03220222745	0.5725848359	0.4313773369
285	0.03219757832	0.5724785799	0.4313150181
286	0.0321875282	0.5723166446	0.4311752751
287	0.03218095543	0.5722323476	0.431096307
288	0.03217284889	0.572065425	0.4309863224
289	0.03216579737	0.5719294323	0.4308835108
290	0.03215604768	0.5717615683	0.4307538235
291	0.03215115199	0.5716454629	0.430685988
292	0.03214373152	0.5715033233	0.4305861669
293	0.03213806337	0.5713558924	0.4305081303
294	0.03213334058	0.5712988548	0.4304516708
295	0.03212420798	0.5711446976	0.4303294424
296	0.03211667918	0.5710213129	0.430227642
297	0.03211357788	0.5709678226	0.4301845333
298	0.03210664396	0.5708368093	0.4300935906
299	0.03210072998	0.5706934429	0.4300058388
300	0.03209776242	0.5706381696	0.4299616734
301	0.03209357492	0.5705274013	0.4299024169
302	0.03208791799	0.5704138905	0.4298266239
303	0.03207830972	0.5702387245	0.4296916523
304	0.03207511561	0.5701480695	0.4296446508
305	0.03207214311	0.5701039238	0.4295990153
306	0.0320642825	0.5699452029	0.4294845735
307	0.03205842697	0.5698364811	0.4293986087
308	0.03205125007	0.5697333463	0.4293082321
309	0.03204330268	0.5696061108	0.4292044554
310	0.03203919887	0.5694938413	0.4291503611
311	0.03203177891	0.5693679666	0.4290554997
312	0.03202207225	0.5691855464	0.4289218007
313	0.03201685865	0.5691207982	0.4288603532
314	0.0320090007	0.5689588131	0.4287445795
315	0.03200326548	0.5688643772	0.4286617856
316	0.03199463708	0.5686843202	0.428544025
317	0.03199105979	0.568627431	0.4285008423
318	0.03198673918	0.5685691181	0.4284489023
319	0.031981357	0.5684619262	0.4283700799
320	0.03197703968	0.5684068469	0.4283188188
321	0.03197162944	0.5682995938	0.4282481532
322	0.03196429004	0.5681629084	0.4281512465
323	0.03195981695	0.5680656815	0.4280881697
324	0.03195259584	0.5679269667	0.4279861569
325	0.03194990396	0.5678929704	0.4279457903
326	0.03194359671	0.5677956397	0.4278645709
327	0.03193752706	0.5676762453	0.4277824653
328	0.03193520609	0.5676526553	0.4277548791
329	0.03192946555	0.5675553204	0.4276712567
330	0.03192335063	0.5674703838	0.4275981812
331	0.03191671736	0.5673840984	0.4275184868
332	0.03191002231	0.5672796805	0.4274254595
333	0.03190398193	0.5671537822	0.4273349991
334	0.03189559514	0.5669893389	0.4272252366
335	0.03189075087	0.5669082602	0.4271518242
336	0.03188889328	0.5668881375	0.4271302723
337	0.03188182733	0.5667670194	0.4270396107
338	0.03187666896	0.5666896004	0.4269650617
339	0.03187074326	0.5665809263	0.4268851803
340	0.03186394773	0.5664674254	0.4268021297
341	0.03186139796	0.5664203204	0.4267636781
342	0.03185820291	0.5663691892	0.4267156582
343	0.03185457586	0.5662875123	0.4266632523
344	0.03184579314	0.5661475743	0.4265398137
345	0.03184290446	0.5660858536	0.4264963485
346	0.03183658317	0.5659430662	0.4264050234
347	0.03183081015	0.565845604	0.4263337291
348	0.0318255404	0.5657144657	0.4262642541
349	0.03181951792	0.5656273349	0.4261869025
350	0.03181379578	0.5655009263	0.426104143
351	0.03181112051	0.5654331687	0.4260638008
352	0.03180469395	0.5653188782	0.4259755125
353	0.03180191581	0.5652847877	0.4259332366
354	0.03179579522	0.5651762792	0.4258489696
355	0.03178977917	0.5650688857	0.4257746812
356	0.03178257699	0.5649110721	0.4256781727
357	0.03177518755	0.5647980528	0.4255757066
358	0.03176770948	0.564632624	0.4254726762
359	0.0317593829	0.5644941268	0.4253572636
360	0.03175621719	0.5644196776	0.4253169915
361	0.03175225459	0.5643384048	0.4252595326
362	0.03174620569	0.5642294316	0.4251739625
363	0.03173990229	0.5641184805	0.4250848799
364	0.03173468843	0.564043902	0.4250219196
365	0.031727361	0.563920741	0.424916318
366	0.03172236032	0.5638466038	0.4248549754
367	0.03171947302	0.5638076443	0.4248207561
368	0.03171715803	0.563772761	0.4247852916
369	0.03171298215	0.5636834516	0.424727597
370	0.03170507271	0.5635374291	0.4246201366
371	0.03169967016	0.5634295153	0.4245483039
372	0.03169478183	0.5633110569	0.4244767074
373	0.03169208943	0.5632711176	0.4244358584
374	0.03168671613	0.5631834774	0.4243567966
375	0.03167997198	0.56304194	0.4242613774
376	0.03167442343	0.5629503161	0.4241828541
377	0.03167214663	0.5629119416	0.4241514306
378	0.03166732571	0.5628177382	0.4240847821
379	0.03166173772	0.5627087648	0.4240097452
380	0.03165583017	0.5626130992	0.4239308679
381	0.03165138709	0.5625213334	0.423866687
382	0.03164888089	0.5624858511	0.4238288882
383	0.03164471117	0.562414792	0.4237690115
384	0.03163906229	0.5623009591	0.4236984814
385	0.03163296304	0.5621933908	0.4236188244
386	0.03163007234	0.5621363861	0.4235815067
387	0.03162173452	0.5619676469	0.423473607
388	0.03161673563	0.5618728292	0.4234006774
389	0.03161095862	0.5617774317	0.423315623
390	0.03160494199	0.5616540229	0.4232359061
391	0.03159842695	0.5614981872	0.4231499803
392	0.03159151408	0.5613793303	0.4230542826
393	0.03158691711	0.5612907088	0.4229901156
394	0.03158292662	0.5612156512	0.4229301161
395	0.03158039779	0.5611811745	0.4228919436
396	0.03157277298	0.5610434762	0.4227823656
397	0.0315686417	0.5609621264	0.4227235334
398	0.03156409377	0.5608923461	0.4226663394
399	0.0315577456	0.5607739449	0.4225787514
400	0.03155594131	0.5607411999	0.4225570565
401	0.03155069586	0.5606553999	0.4224926957
402	0.03154458755	0.5605811692	0.4224189229
403	0.0315382799	0.560463185	0.4223300302
404	0.03153464478	0.5603851287	0.4222799674
405	0.03153110375	0.5603317184	0.4222351644
406	0.03152745427	0.5602498588	0.4221862003
407	0.03152243176	0.5601702191	0.4221222261
408	0.03151766576	0.5600793251	0.4220528037
409	0.03151159456	0.5599445172	0.4219644951
410	0.03150627655	0.5597922168	0.4218940718
411	0.03150101932	0.5597166949	0.4218291633
412	0.03149568367	0.5596421953	0.4217635365
413	0.03149231057	0.5595499289	0.4217183883
414	0.03148886922	0.5594866161	0.4216662312
415	0.03147899401	0.559306513	0.4215346038
416	0.03147378738	0.5591743723	0.4214640396
417	0.03146655203	0.5590464286	0.4213676631
418	0.03146084021	0.5589465745	0.4212917055
419	0.03145528634	0.5588558786	0.4212185754
420	0.03144889457	0.5587538404	0.4211286336
421	0.03144337724	0.5586539233	0.4210535622
422	0.03143954396	0.5585913614	0.4210072385
423	0.03143312849	0.55847063	0.4209195321
424	0.03142648352	0.5583380889	0.4208276264
425	0.03142478913	0.5582991903	0.4208022509
426	0.03141858333	0.5581599103	0.4207177447
427	0.03141639176	0.5581352976	0.4206846619
428	0.03141207781	0.5580481065	0.4206229202
429	0.03140663827	0.5579553744	0.4205483695
430	0.0314006968	0.557848865	0.4204661052
431	0.03139592529	0.5577420864	0.4203971959
432	0.03139018028	0.5576072077	0.4203201952
433	0.03138466789	0.5575161712	0.4202461909
434	0.0313802953	0.5574345201	0.4201874768
435	0.03137337554	0.5573130187	0.4200944295
436	0.03136996273	0.5572701968	0.4200539943
437	0.03136440035	0.5571749363	0.4199760229
438	0.03135781906	0.5570430989	0.4198891719
439	0.03135271576	0.5569644264	0.419821902
440	0.03134362039	0.5568255592	0.419699137
441	0.03134140764	0.5567870832	0.4196657857
442	0.03133857254	0.5567636722	0.4196327356
443	0.03133538508	0.5566954003	0.4195930319
444	0.03132996994	0.5565866656	0.419519834
445	0.03132778869	0.5565585978	0.4194936819
446	0.03132199131	0.5564743937	0.4194111227
447	0.0313171745	0.5563768196	0.4193410039
448	0.03131550826	0.5563607382	0.4193215017
449	0.03130976199	0.5562555541	0.4192452323
450	0.03130642894	0.5561944101	0.4191950253
451	0.03129981011	0.5560772555	0.4191027282
452	0.03129735588	0.5560290617	0.4190699379
453	0.03129077564	0.5558809914	0.4189840467
454	0.03128599615	0.5557879896	0.4189186203
455	0.03128028819	0.5556892797	0.4188421736
456	0.03127388303	0.5555736513	0.4187549438
457	0.03126719404	0.555426875	0.4186650956
458	0.03126458864	0.5553780377	0.4186263127
459	0.03126094476	0.5553108865	0.4185749358
460	0.03125824265	0.5552713369	0.4185430405
461	0.03125379111	0.5551773385	0.4184835713
462	0.03124611226	0.5550564808	0.4183805122
463	0.03123828855	0.5549020098	0.4182751267
464	0.03123580632	0.5548628987	0.4182442344
465	0.03123229848	0.5547881388	0.4181928812
466	0.03123078844	0.5547716237	0.4181753431
467	0.03122390606	0.5546443295	0.418082334
468	0.03122073121	0.554586089	0.4180355856
469	0.03121380448	0.5544989106	0.4179513322
470	0.03121094396	0.5544457429	0.4179079565
471	0.03120837749	0.5543979485	0.4178712773
472	0.03120088267	0.5542561342	0.4177674508
473	0.03119530411	0.5541547602	0.417697877
474	0.03118850024	0.5540314407	0.4176007318
475	0.03118251364	0.5539383522	0.4175251823
476	0.03117725087	0.5538277807	0.4174491089
477	0.03117207477	0.5537278209	0.4173797686
478	0.03116700427	0.5536175495	0.4173118588
479	0.03116139102	0.5535079483	0.4172350424
480	0.03115617736	0.553410394	0.4171671029
481	0.03115302312	0.5533475199	0.4171284244
482	0.03114711833	0.5532369346	0.417044862
483	0.03113968441	0.553118051	0.4169401194
484	0.031136993	0.5530706552	0.4169050495
485	0.03113197397	0.5529803139	0.4168395745
486	0.0311284153	0.5529052994	0.4167919686
487	0.03112551893	0.5528657257	0.4167575367
488	0.03112102735	0.5527912215	0.4166992269
489	0.03111622333	0.5527093469	0.416629154
490	0.03111314186	0.5526708026	0.4165821551
491	0.03110733671	0.5525454002	0.4165049558
492	0.03110345579	0.5524665096	0.4164547807
493	0.03109965177	0.5523986297	0.4164030126
494	0.03109466486	0.5523418302	0.4163432685
495	0.03108908562	0.5522225114	0.4162646554
496	0.03108449523	0.5521354995	0.4161997006
497	0.03107819732	0.5520411105	0.4161110446
498	0.03107329761	0.5519476519	0.4160438853
499	0.03106498967	0.5518267757	0.4159267863
500	0.03105921095	0.551720453	0.4158441315
501	0.03105465654	0.5516397487	0.4157807532
502	0.03104922838	0.5515301554	0.4157077513
503	0.03104730728	0.5514896612	0.4156785356
504	0.03104521192	0.5514511771	0.4156462355
505	0.0310432831	0.5514080496	0.4156171807
506	0.03104103023	0.5513860875	0.4155910636
507	0.03103735986	0.5513364558	0.4155479739
508	0.03103276747	0.5512621217	0.4154859623
509	0.03102775545	0.5511784975	0.4154117291
510	0.03102238103	0.5510733699	0.4153332986
511	0.03101753514	0.5509921017	0.4152734553
512	0.03101500849	0.5509299642	0.4152365581
513	0.03100805433	0.5507941132	0.4151448249
514	0.03100308569	0.5506937569	0.415077448
515	0.03099482206	0.5505477098	0.4149636183
516	0.03099028069	0.5504749675	0.4149020686
517	0.03098259118	0.5503545406	0.4147945294
518	0.03097804905	0.5502514144	0.4147336655
519	0.03097333162	0.5501314441	0.4146691565
520	0.030970368	0.5500783199	0.4146255536
521	0.03096580279	0.5500037149	0.4145645814
522	0.0309616492	0.5499218037	0.4145049484
523	0.03095767493	0.549836108	0.4144486517
524	0.03095466459	0.5497740088	0.4144103101
525	0.03094952614	0.5496704897	0.4143410416
526	0.03094562689	0.5496034822	0.41429345
527	0.03094170357	0.5495335812	0.4142440102
528	0.03093829343	0.5494602069	0.4141964217
529	0.03093163443	0.549332003	0.4141029311
530	0.03092874486	0.5492685719	0.4140610261
531	0.03092381135	0.5491877327	0.4139977822
532	0.03091819255	0.5490963945	0.4139272311
533	0.03091353639	0.5489907886	0.4138646748
534	0.03090932736	0.5488979944	0.413808284
535	0.03090531189	0.5488258613	0.4137580405
536	0.03090302041	0.5487754099	0.4137251776
537	0.03089915118	0.5486984224	0.4136693451
538	0.03089409711	0.5486029272	0.4136016076
539	0.03089115894	0.548556364	0.4135571177
540	0.03088652617	0.5484812961	0.4134928828
541	0.03088138004	0.5483847779	0.4134190155
542	0.03087679529	0.5483047105	0.4133566251
543	0.03087299079	0.5482269766	0.4133004676
544	0.03086710163	0.5481140641	0.4132199723
545	0.03086572469	0.548079364	0.4131994867
546	0.03086218322	0.5480287039	0.4131577812
547	0.03085816589	0.5479549689	0.4131083566
548	0.03085474395	0.5478913806	0.4130638121
549	0.03085272383	0.5478515915	0.4130338262
550	0.03084830727	0.5477687994	0.4129700031
551	0.03084604401	0.5477323321	0.4129356564
552	0.03084417869	0.5477159104	0.4129138836
553	0.03084027847	0.5476559642	0.4128628723
554	0.03083697722	0.5475657542	0.4128204403
555	0.03083098719	0.547465027	0.4127417698
556	0.03082462006	0.5473520016	0.4126533059
557	0.03081889737	0.5472484915	0.4125731524
558	0.03081561218	0.547189172	0.4125272895
559	0.03081277537	0.5471346999	0.4124889587
560	0.03081131259	0.5471194298	0.412472011
561	0.03080917152	0.5470915664	0.4124394072
562	0.03080575803	0.5470260184	0.41238954
563	0.03080321518	0.5469605252	0.4123543618
564	0.03080102783	0.5469057801	0.4123237574
565	0.03079845875	0.5468506501	0.4122868093
566	0.0307943727	0.5467765478	0.4122255832
567	0.03079105279	0.5467329519	0.4121859722
568	0.03078909534	0.5467145373	0.4121633701
569	0.0307868495	0.5466807629	0.4121307368
570	0.03078279548	0.5466100329	0.4120742142
571	0.03078070973	0.546584362	0.4120422687
572	0.0307774336	0.5465303668	0.4119999893
573	0.03077193711	0.5464454587	0.4119228402
574	0.03076579524	0.546326975	0.4118341521
575	0.03075949831	0.546228264	0.4117458866
576	0.03075584103	0.5461472397	0.4116923406
577	0.0307515824	0.5460544882	0.4116339933
578	0.03074828035	0.5459926972	0.4115875361
579	0.03074486734	0.5459405105	0.411537031
580	0.03074046301	0.5458771638	0.4114841051
581	0.03073553486	0.5457659941	0.4114177039
582	0.03073146172	0.545693852	0.4113601827
583	0.03072652397	0.5456116168	0.4112942131
584	0.03072223811	0.5455386082	0.4112352007
585	0.0307172425	0.5454596978	0.411166022
586	0.03071300492	0.5453807857	0.4111069765
587	0.03070635058	0.5452503337	0.4110201236
588	0.03070229551	0.5451969352	0.4109699848
589	0.03070034005	0.5451626463	0.4109412357
590	0.03069648583	0.5450855949	0.4108860841
591	0.03069252902	0.5449997923	0.4108338295
592	0.03069039234	0.5449612161	0.410802067
593	0.03068495903	0.5448815821	0.4107305124
594	0.03068057051	0.5448166395	0.4106792355
595	0.03067602552	0.5447354762	0.4106228694
596	0.03067468356	0.544721291	0.4106072051
597	0.03067062255	0.5446604979	0.4105475365
598	0.03066679649	0.5445978515	0.4105014521
599	0.03066207185	0.5444823832	0.4104369913
600	0.03065607846	0.5443685079	0.4103571592
601	0.03065115292	0.5442947216	0.4102943654
602	0.03064836249	0.5442523818	0.4102521137
603	0.03064495927	0.544186694	0.4102031262
604	0.03064312285	0.5441573577	0.410176442
605	0.03063708319	0.5440598942	0.410099663
606	0.03063259957	0.5439958469	0.410041555
607	0.03062776416	0.5438844763	0.4099766327
608	0.03062453594	0.5438205228	0.4099337029
609	0.03062064029	0.5437550823	0.4098860797
610	0.03061604861	0.5436632553	0.4098259165
611	0.03061388986	0.5436147842	0.409795913
612	0.03061025914	0.5435541891	0.4097480304
613	0.03060417631	0.5434490169	0.4096641623
614	0.03060324059	0.5434283844	0.4096493569
615	0.03060106314	0.5433835982	0.4096162717
616	0.03059502878	0.5432883666	0.4095345037
617	0.03059261751	0.5432685559	0.4095067859
618	0.03058912305	0.5432188692	0.4094585711
619	0.03058549138	0.5431497422	0.4094097848
620	0.03058398868	0.5431273638	0.4093870013
621	0.03057833484	0.543017244	0.4093100856
622	0.03057325186	0.5429439764	0.4092472445
623	0.0305707616	0.5429012535	0.4092097941
624	0.03056641363	0.5428257419	0.4091474971
625	0.03056308341	0.542767376	0.4091001522
626	0.03056150401	0.5427500949	0.4090760916
627	0.03055716138	0.5426638831	0.4090144691
628	0.03055205231	0.542576093	0.4089454396
629	0.03054441555	0.5424289734	0.4088411452
630	0.03054047133	0.5423495607	0.4087836513
631	0.0305364074	0.5422665235	0.4087311462
632	0.0305323943	0.5422030183	0.4086821961
633	0.03052880428	0.542137776	0.4086385496
634	0.03052593568	0.5420786653	0.4085952612
635	0.03052271811	0.5420161856	0.4085518134
636	0.03051851848	0.5419404003	0.4084933083
637	0.03051431108	0.5418914935	0.4084424689
638	0.03051235419	0.5418470289	0.4084132905
639	0.03050937306	0.5418076443	0.408377786
640	0.03050390329	0.5417124777	0.4083045864
641	0.03050063612	0.5416546613	0.4082606025
642	0.03049734995	0.5416111514	0.4082208363
643	0.03049209281	0.5415029751	0.4081491965
644	0.03049007337	0.5414769639	0.4081185291
645	0.03048546172	0.5413988842	0.4080579284
646	0.03048189179	0.5413415307	0.4080129797
647	0.03047843419	0.5412600097	0.4079614124
648	0.0304752101	0.5412005264	0.4079210354
649	0.0304716494	0.5411265008	0.4078734769
650	0.03046829963	0.5410581625	0.4078269789
651	0.03046490009	0.5409843932	0.4077771446
652	0.03046303354	0.5409593197	0.4077500874
653	0.03045546053	0.5408224465	0.4076472579
654	0.03044932105	0.5407233063	0.4075603267
655	0.03044591677	0.5406582052	0.4075131708
656	0.0304417042	0.5405683092	0.4074570495
657	0.03043837766	0.5405108126	0.4074102297
658	0.03043454113	0.5404336434	0.407353769
659	0.03043308934	0.5404195846	0.4073366901
660	0.03043022693	0.5403648885	0.4072964269
661	0.03042540833	0.540276932	0.407233708
662	0.03042342248	0.5402479119	0.4072035715
663	0.03042185908	0.5402315486	0.4071852726
664	0.03041740851	0.5401325096	0.407125913
665	0.0304134903	0.5400577817	0.407068651
666	0.03040902536	0.5399607453	0.4070041118
667	0.030405294	0.5398979587	0.4069493786
668	0.03040275756	0.5398504411	0.4069125607
669	0.03039779316	0.5397538213	0.4068467802
670	0.03039383139	0.5396943301	0.4067943214
671	0.03038991089	0.5396207981	0.4067403449
672	0.03038661229	0.5395487151	0.4066929045
673	0.03038194887	0.5394423596	0.4066297087
674	0.03037973291	0.5394081301	0.4066031106
675	0.03037818334	0.5393814594	0.4065811876
676	0.03037376477	0.5392985798	0.4065176349
677	0.03036959655	0.5392297357	0.4064581009
678	0.03036698822	0.5391860426	0.4064207666
679	0.03036443499	0.5391332202	0.4063873408
680	0.03036086574	0.5390404374	0.4063393342
681	0.03035736378	0.5389579916	0.4062887572
682	0.03035238385	0.5388567006	0.4062201482
683	0.0303485299	0.5387964222	0.4061733134
684	0.0303439741	0.5387115589	0.4061116311
685	0.03034041898	0.5386457601	0.4060636452
686	0.030338353	0.5386064729	0.4060345791
687	0.03033524373	0.5385602107	0.4059965752
688	0.03033189007	0.5384878709	0.4059473233
689	0.03033048366	0.5384738902	0.4059306658
690	0.03032577599	0.5383945682	0.4058635773
691	0.03032162109	0.5383111445	0.4058039802
692	0.03031935398	0.5382503582	0.4057705009
693	0.03031705025	0.5381846531	0.4057394109
694	0.03031322327	0.5381155597	0.4056822428
695	0.03031045614	0.5380639313	0.4056469903
696	0.0303068026	0.5380043014	0.405594641
697	0.03030223732	0.5379351119	0.4055380728
698	0.03029811032	0.5378511506	0.4054821592
699	0.03029376414	0.5377774719	0.4054241903
700	0.03028939545	0.5376951373	0.4053655451
701	0.03028581487	0.5376329217	0.4053154692
702	0.03028455992	0.5376162565	0.4052960201
703	0.0302794633	0.5375094524	0.4052277916
704	0.0302764373	0.5374452251	0.405185771
705	0.0302726582	0.5373684128	0.4051345064
706	0.03026844869	0.5372920083	0.4050801597
707	0.03026625855	0.5372616998	0.4050479597
708	0.03026062249	0.5371431509	0.4049726923
709	0.03025585725	0.5370574695	0.4049087797
710	0.03025076347	0.5369525653	0.4048417791
711	0.03024819033	0.5369063697	0.4048036565
712	0.03024515781	0.536852402	0.4047606582
713	0.03023987831	0.5367590773	0.404689969
714	0.03023661078	0.5367106173	0.4046509767
715	0.03023447218	0.5366752905	0.4046233591
716	0.03023215271	0.5366287613	0.4045887578
717	0.03022926569	0.5365757128	0.4045494521
718	0.03022641224	0.5365231156	0.4045102086
719	0.0302238675	0.5364881335	0.404480208
720	0.03021875556	0.5364029355	0.40440783
721	0.03021539553	0.5363497841	0.4043664378
722	0.03020997962	0.5362594264	0.4042900307
723	0.03020684542	0.536192831	0.4042466409
724	0.03020374227	0.5361531269	0.4042094245
725	0.03020036642	0.5360933736	0.4041607778
726	0.03019607953	0.5360154797	0.4041055715
727	0.03019207279	0.535947752	0.4040464067
728	0.03018873003	0.5358869463	0.403998981
729	0.03018370097	0.5357952342	0.4039277221
730	0.03018087678	0.5357362445	0.4038883627
731	0.03017870609	0.5356884535	0.4038566934
732	0.03017511274	0.5356249598	0.4038073938
733	0.03017033807	0.5355622009	0.4037487425
734	0.0301669118	0.5354826649	0.4037027272
735	0.03016334946	0.5354032377	0.4036528861
736	0.03016179385	0.535370584	0.403629957
737	0.03016060875	0.5353468602	0.403611821
738	0.0301551704	0.5352367501	0.4035349027
739	0.03015386178	0.5352203892	0.4035192512
740	0.0301488653	0.5351550823	0.4034573903
741	0.03014437642	0.5350645991	0.4033980377
742	0.03014143883	0.5350135762	0.403357832
743	0.03013884054	0.5349566531	0.4033236274
744	0.03013476588	0.5348800457	0.4032639973
745	0.03013116655	0.5348004178	0.4032145665
746	0.03012717042	0.5347194898	0.4031621233
747	0.03012243694	0.5346461395	0.4030980657
748	0.0301197349	0.5346027636	0.403058363
749	0.03011454912	0.5345058919	0.4029874877
750	0.03011080524	0.5344393452	0.4029401132
751	0.03010840217	0.5343975318	0.4029052823
752	0.03010424567	0.5343289961	0.4028542349
753	0.03010190707	0.5342822578	0.4028199903
754	0.03009865014	0.534233637	0.4027721882
755	0.03009692429	0.5342013767	0.402746443
756	0.03009433439	0.5341589223	0.4027130255
757	0.03009099725	0.5340955384	0.4026709314
758	0.03008745727	0.5340211068	0.4026256731
759	0.03008590643	0.5340071566	0.4026075658
760	0.03008264439	0.5339334631	0.4025617596
761	0.03007804454	0.5338455699	0.4024960297
762	0.03007091005	0.5337169579	0.4023986905
763	0.03006835454	0.5336749473	0.4023641655
764	0.03006436667	0.5336016894	0.4023081612
765	0.03006125953	0.5335360683	0.4022660027
766	0.03005711321	0.5334400942	0.4022105889
767	0.03005441451	0.5333870702	0.4021742409
768	0.03004957703	0.5333195347	0.4021149645
769	0.03004609903	0.5332382544	0.4020660554
770	0.03004074883	0.5331441353	0.4019934274
771	0.03003810212	0.5330983255	0.4019586245
772	0.03003354455	0.5330317462	0.4019001888
773	0.03003141436	0.532984298	0.4018702949
774	0.03002855674	0.5329078656	0.4018305208
775	0.03002279332	0.5328047937	0.4017525379
776	0.03001972132	0.53274349	0.4017080603
777	0.03001458962	0.5326642961	0.4016359797
778	0.03001273366	0.5326373059	0.4016085741
779	0.03000941302	0.5325718898	0.4015627707
780	0.03000779552	0.5325506797	0.4015381347
781	0.03000287923	0.532477635	0.4014738705
782	0.03000114382	0.5324575976	0.4014469944
783	0.02999711805	0.5323756593	0.4013938534
784	0.02999366868	0.5323180834	0.4013507967
785	0.02998901663	0.5322296569	0.4012893575
786	0.02998621084	0.532175542	0.401251806
787	0.02998352642	0.5321235576	0.4012175722
788	0.02998233631	0.5321115295	0.4012036396
789	0.02998113706	0.532092715	0.4011851683
790	0.02997859277	0.5320326055	0.4011485201
791	0.02997633034	0.5319977907	0.4011198717
792	0.02997015296	0.5318841819	0.4010377454
793	0.02996828997	0.5318611973	0.4010156176
794	0.02996592348	0.5318192796	0.4009847921
795	0.02996203846	0.5317659381	0.400935889
796	0.02995917487	0.5317049247	0.4008976498
797	0.02995645585	0.5316545698	0.4008570263
798	0.0299547967	0.5316185224	0.400836178
799	0.02995126277	0.5315256244	0.4007881828
800	0.02994924549	0.531484128	0.400758173
801	0.0299472157	0.5314662204	0.4007348259
802	0.02994530407	0.5314254194	0.4007071938
803	0.02994255855	0.5313915951	0.4006732627
804	0.02994023689	0.5313512691	0.400644599
805	0.02993511394	0.531262413	0.4005724248
806	0.0299308694	0.5312123926	0.4005219953
807	0.02992790194	0.5311791943	0.4004870782
808	0.02992414716	0.5310999802	0.400436606
809	0.02992181884	0.5310577682	0.4004080492
810	0.02991913076	0.5310201793	0.4003753083
811	0.02991439495	0.5309261032	0.400309685
812	0.02991276268	0.5309030857	0.4002849583
813	0.02991000254	0.5308477725	0.4002443399
814	0.02990729467	0.5307940535	0.4002057235
815	0.0299045117	0.5307281454	0.400164906
816	0.02990201433	0.5306800042	0.4001302368
817	0.02989889515	0.5306373024	0.4000924063
818	0.02989640385	0.5305981643	0.4000571032
819	0.02989051163	0.5305074851	0.399977232
820	0.02988885138	0.5304706536	0.3999536433
821	0.02988750371	0.5304578863	0.3999380997
822	0.02988475975	0.5304089803	0.3999027665
823	0.02988096374	0.5303198022	0.3998520353
824	0.02987684704	0.5302385911	0.3997969433
825	0.02987346898	0.5301783195	0.3997558389
826	0.02986892979	0.5301040106	0.3996927496
827	0.02986787975	0.5300863001	0.3996767285
828	0.02986405052	0.5300048582	0.3996258255
829	0.02986040445	0.5299273785	0.3995766275
830	0.02985915788	0.5299034174	0.3995577428
831	0.02985756938	0.5298897518	0.3995392303
832	0.02985592637	0.5298529412	0.399514408
833	0.02985483771	0.5298402991	0.3994979121
834	0.02985177815	0.5297756449	0.3994545299
835	0.02985047341	0.5297598674	0.3994348358
836	0.02984763784	0.5296907812	0.3993968985
837	0.0298437258	0.5296379776	0.3993493474
838	0.02984218604	0.529609196	0.3993264189
839	0.0298366618	0.5295178051	0.3992481484
840	0.02983294044	0.5294460879	0.3991961578
841	0.02983063033	0.5293992551	0.3991633129
842	0.02982761903	0.5293478519	0.399121886
843	0.02982566606	0.5293204866	0.3990987181
844	0.02982260287	0.5292741462	0.3990532593
845	0.02981960516	0.5292144014	0.3990135863
846	0.02981827358	0.5291949347	0.3989973902
847	0.02981679337	0.5291806456	0.3989801462
848	0.02981555687	0.5291595621	0.3989619982
849	0.02981106423	0.5290718355	0.3988961703
850	0.02980957509	0.5290357333	0.3988745295
851	0.0298059961	0.5289659584	0.3988271259
852	0.02980102808	0.5288805535	0.3987591063
853	0.02979883133	0.5288325585	0.3987274396
854	0.0297967497	0.5287897828	0.39869747
855	0.02979245927	0.5287181465	0.3986399336
856	0.02978932588	0.5286511203	0.3985947443
857	0.02978536798	0.5285610885	0.3985375574
858	0.02978198541	0.5284879013	0.3984908464
859	0.02977996963	0.5284322737	0.3984638359
860	0.02977735818	0.5283836573	0.398426132
861	0.02977411561	0.528315928	0.3983797162
862	0.02977285957	0.528305732	0.3983650309
863	0.029771999	0.5282879786	0.3983524442
864	0.02976714873	0.5281989354	0.3982817434
865	0.0297639098	0.5281379688	0.3982347625
866	0.02976029839	0.5280750703	0.3981835891
867	0.0297570488	0.5280222455	0.3981393984
868	0.02975593903	0.5280020883	0.3981256873
869	0.02975261289	0.5279534092	0.3980818247
870	0.02975115235	0.5279296379	0.3980597545
871	0.02974862572	0.5278752712	0.3980236972
872	0.02974356866	0.5278117022	0.3979533858
873	0.02973987282	0.5277512292	0.3979049531
874	0.02973697162	0.5276985151	0.3978614115
875	0.02973568178	0.5276775228	0.3978426085
876	0.02973444821	0.5276519289	0.39782362
877	0.02973300671	0.5276389747	0.3978068948
878	0.02972999663	0.5275684359	0.3977657823
879	0.02972708458	0.5274975729	0.3977278387
880	0.02972517578	0.5274655745	0.3977042305
881	0.02972263075	0.5274182002	0.397673471
882	0.02971862528	0.5273434888	0.3976188982
883	0.02971434407	0.5272617467	0.3975581759
884	0.0297117141	0.5272266605	0.3975192077
885	0.02970900429	0.5271770236	0.3974792342
886	0.0297059344	0.5271219219	0.3974345133
887	0.02970148473	0.5270493133	0.3973721752
888	0.02970001337	0.5270211857	0.3973520731
889	0.02969719101	0.52697373	0.3973106607
890	0.02969435895	0.526928646	0.3972765378
891	0.02969138123	0.5268822284	0.3972394687
892	0.02969001221	0.5268512917	0.3972190415
893	0.02968693494	0.5267897154	0.3971791824
894	0.02968392747	0.5267398068	0.3971409579
895	0.0296823833	0.5267261742	0.3971232427
896	0.02967800857	0.5266474485	0.3970615068
897	0.02967356716	0.5265488061	0.3970005439
898	0.02967066994	0.5265010437	0.3969646653
899	0.02966793078	0.5264522717	0.3969287726
900	0.02966438414	0.5263922906	0.3968840443
901	0.02966264833	0.5263711509	0.3968580419
902	0.02966015646	0.5263204586	0.3968247941
903	0.02965538114	0.5262473892	0.3967618284
904	0.02965171011	0.5261693471	0.3967110057
905	0.02965014938	0.5261355452	0.3966889046
906	0.02964633907	0.5260525989	0.3966375115
907	0.02964314367	0.525989088	0.3965920829
908	0.02963988341	0.525933013	0.3965489254
909	0.02963785363	0.5259062436	0.3965248435
910	0.02963484575	0.5258475117	0.3964810266
911	0.02963065094	0.5257670719	0.396424664
912	0.02962863656	0.5257353274	0.3963943045
913	0.02962662761	0.5256915724	0.3963690188
914	0.02962361416	0.5256382621	0.3963316831
915	0.02962089543	0.5255767429	0.3962955143
916	0.02961922363	0.5255630112	0.3962761207
917	0.02961549394	0.5254932771	0.3962251131
918	0.02961456402	0.525479248	0.3962111306
919	0.02961375393	0.5254683053	0.3962018162
920	0.02961277198	0.5254514648	0.3961870527
921	0.02960946602	0.5253978985	0.3961459691
922	0.02960798345	0.5253773714	0.3961286453
923	0.02960518793	0.5253286247	0.3960875413
924	0.02960245028	0.5252696041	0.3960506
925	0.02959970402	0.5252156259	0.3960134452
926	0.02959558114	0.5251506302	0.3959570646
927	0.02959346446	0.5251047568	0.3959287236
928	0.02958961875	0.5250068414	0.3958767241
929	0.0295852043	0.5249223578	0.3958186003
930	0.02958400869	0.5249039672	0.3958007809
931	0.02958028321	0.5248455866	0.395747906
932	0.02957748216	0.5247798625	0.3957081836
933	0.0295742025	0.5247112922	0.3956613717
934	0.02957227736	0.5246857276	0.3956383413
935	0.0295682345	0.524613169	0.3955796622
936	0.02956684213	0.5245894603	0.3955594607
937	0.02956273237	0.5245215805	0.395501161
938	0.02956163339	0.5245113063	0.3954885159
939	0.02956091455	0.5244963081	0.3954775213
940	0.0295593847	0.5244768164	0.3954540412
941	0.02955710343	0.5244199554	0.3954224108
942	0.02955540973	0.5243847255	0.3953982564
943	0.0295515829	0.5243118951	0.3953441554
944	0.02954909954	0.5242831825	0.3953147137
945	0.02954670802	0.5242349779	0.3952827771
946	0.02954298067	0.5241579443	0.3952319986
947	0.02954133289	0.5241344099	0.395206614
948	0.02953873242	0.524082331	0.3951709011
949	0.02953378627	0.5239929995	0.3951018235
950	0.02953004446	0.5239273566	0.3950506597
951	0.02952772122	0.5238679196	0.3950172756
952	0.02952442258	0.5238176102	0.3949775035
953	0.02952106633	0.5237757114	0.3949360388
954	0.02951864735	0.5237227464	0.3949030375
955	0.02951478597	0.5236441943	0.3948500949
956	0.02951205366	0.5235875586	0.394809907
957	0.0295082422	0.5235191112	0.3947555323
958	0.02950649994	0.523488284	0.3947334462
959	0.02950358171	0.5234194474	0.3946943098
960	0.02950258249	0.5234004394	0.3946803953
961	0.02949889387	0.5233323992	0.3946310553
962	0.02949672771	0.5232760034	0.3946036456
963	0.02949467522	0.5232370761	0.394575435
964	0.02949083931	0.5231786364	0.3945269123
965	0.02948858555	0.5231426096	0.3944977783
966	0.02948606407	0.5230951651	0.3944626445
967	0.02948255212	0.5230127052	0.3944161892
968	0.02948133774	0.5229870941	0.394398575
969	0.02948033095	0.5229729036	0.3943835433
970	0.02947732659	0.5229260303	0.3943446348
971	0.02947279269	0.5228449182	0.394283466
972	0.02946895104	0.5227706704	0.3942312917
973	0.02946712313	0.5227284882	0.3942049458
974	0.02946431435	0.5226770934	0.3941660386
975	0.02946172094	0.52262713	0.3941290614
976	0.02945915691	0.5225869901	0.3940915349
977	0.02945590904	0.5225421672	0.3940508776
978	0.02945477314	0.5225219584	0.3940334682
979	0.02945182433	0.5224655521	0.3939965852
980	0.02944775341	0.5224040567	0.3939468741
981	0.02944563933	0.5223534692	0.3939165592
982	0.02944193804	0.5222825482	0.3938666907
983	0.02943764598	0.5222240137	0.3938123606
984	0.02943551258	0.5221897354	0.3937832669
985	0.02943389164	0.5221572789	0.3937585847
986	0.02943154443	0.5221101214	0.3937285453
987	0.0294306579	0.5220987392	0.3937179499
988	0.029427681	0.5220406529	0.3936756937
989	0.02942574027	0.5220061609	0.3936475798
990	0.02942229569	0.521933263	0.3936023736
991	0.02941914987	0.5218776634	0.3935618727
992	0.02941636367	0.5218250434	0.3935230626
993	0.02941199314	0.521747211	0.393464416
994	0.02940888724	0.5216964159	0.3934182007
995	0.0294075194	0.5216765154	0.3933976106
996	0.02940585911	0.5216419456	0.3933737101
997	0.02940274556	0.5215848616	0.3933296311
998	0.02940020208	0.5215442819	0.3932924435
999	0.02939808277	0.5214923252	0.3932653043
